2022-09-02T15:18:33.007333Z,1,INFO,logging.logs.Main.main,Start
2022-09-02T15:18:33.009151Z,1,INFO,logging.logs.Main.main,hello0
2022-09-02T15:18:33.009601Z,1,INFO,logging.logs.Main.main,hello1
2022-09-02T15:18:33.010053Z,1,INFO,logging.logs.Main.main,hello2
2022-09-02T15:18:33.010495Z,1,INFO,logging.logs.Main.main,hello3
2022-09-02T15:18:33.010950Z,1,INFO,logging.logs.Main.main,hello4
2022-09-02T15:18:33.011342Z,1,INFO,logging.logs.Main.main,hello5
2022-09-02T15:18:33.011718Z,1,INFO,logging.logs.Main.main,hello6
2022-09-02T15:18:33.012070Z,1,INFO,logging.logs.Main.main,hello7
2022-09-02T15:18:33.012441Z,1,INFO,logging.logs.Main.main,hello8
2022-09-02T15:18:33.012770Z,1,INFO,logging.logs.Main.main,hello9
2022-09-02T15:18:43.104457Z,1,INFO,logging.logs.Main.main,Start
2022-09-02T15:18:43.106223Z,1,INFO,logging.logs.Main.main,hello0
2022-09-02T15:18:43.106683Z,1,INFO,logging.logs.Main.main,hello1
2022-09-02T15:18:43.107110Z,1,INFO,logging.logs.Main.main,hello2
2022-09-02T15:18:43.107543Z,1,INFO,logging.logs.Main.main,hello3
2022-09-02T15:18:43.107946Z,1,INFO,logging.logs.Main.main,hello4
2022-09-02T15:18:43.108320Z,1,INFO,logging.logs.Main.main,hello5
2022-09-02T15:18:43.108744Z,1,INFO,logging.logs.Main.main,hello6
2022-09-02T15:18:43.109100Z,1,INFO,logging.logs.Main.main,hello7
2022-09-02T15:18:43.109476Z,1,INFO,logging.logs.Main.main,hello8
2022-09-02T15:18:43.109860Z,1,INFO,logging.logs.Main.main,hello9
2022-09-02T20:17:56.554695Z,1,INFO,logging.logs.Main.main,Start
2022-09-02T20:17:56.557875Z,1,INFO,logging.logs.Main.main,hello0
2022-09-02T20:17:56.558369Z,1,INFO,logging.logs.Main.main,hello1
2022-09-02T20:17:56.558817Z,1,INFO,logging.logs.Main.main,hello2
2022-09-02T20:17:56.559260Z,1,INFO,logging.logs.Main.main,hello3
2022-09-02T20:17:56.559685Z,1,INFO,logging.logs.Main.main,hello4
2022-09-02T20:17:56.560065Z,1,INFO,logging.logs.Main.main,hello5
2022-09-02T20:17:56.560434Z,1,INFO,logging.logs.Main.main,hello6
2022-09-02T20:17:56.560789Z,1,INFO,logging.logs.Main.main,hello7
2022-09-02T20:17:56.561139Z,1,INFO,logging.logs.Main.main,hello8
2022-09-02T20:17:56.561751Z,1,INFO,logging.logs.Main.main,hello9
